{
  "exam_id": "SecFilings:",
  "total_questions": 150,
  "processed_questions": 150,
  "processing_success_rate": 100.0,
  "answer_distribution": {
    "B": 55,
    "C": 53,
    "D": 15,
    "A": 27
  },
  "best_fixed_answer_baseline": 36.666666666666664,
  "longest_answer_baseline": 40.0,
  "question_types": {
    "Which": 13.333333333333334,
    "What": 87.33333333333333,
    "How": 2.0,
    "When": 0.0,
    "Why": 1.3333333333333333,
    "Where": 0.0,
    "Other": 0.0
  },
  "avg_question_length": {
    "mean": 155.02666666666667,
    "std": 37.119078053684945
  },
  "avg_answer_length": {
    "mean": 99.86333333333333,
    "std": 46.88417098434064
  },
  "avg_documentation_length": {
    "mean": 2084.92,
    "std": 353.56671261116577
  }
}