{
  "overall_stats": {
    "avg_difficulty": 0.47765013949120394,
    "avg_discrimination": 0.6739554968262409,
    "total_questions": 674
  },
  "hop_analysis": {
    "1": {
      "avg_difficulty": 0.4528432180047696,
      "avg_discrimination": 0.8901268526003613,
      "num_questions": 150
    },
    "2": {
      "avg_difficulty": 0.5373799202135084,
      "avg_discrimination": 0.7931065804498169,
      "num_questions": 169
    },
    "3": {
      "avg_difficulty": 0.41740687793759373,
      "avg_discrimination": 0.5777399900196649,
      "num_questions": 116
    },
    "4": {
      "avg_difficulty": 0.42408956748091664,
      "avg_discrimination": 0.5016426984201127,
      "num_questions": 106
    },
    "5": {
      "avg_difficulty": 0.5249609985453764,
      "avg_discrimination": 0.5,
      "num_questions": 133
    }
  },
  "model_abilities": {
    "llama3-8b_Dense": -0.2823062812458975,
    "llama3-8b_Sparse": -0.3733200360078466
  },
  "component_abilities": {
    "llms": {
      "llama3-8b": 0.5530180047832373
    },
    "retrievers": {
      "Dense": -0.8353242860291348,
      "Sparse": -0.9263380407910838
    }
  }
}