{
  "overall_stats": {
    "avg_difficulty": 0.5131736376364128,
    "avg_discrimination": 0.6436446064800984,
    "total_questions": 614
  },
  "hop_analysis": {
    "1": {
      "avg_difficulty": 0.5278065090888786,
      "avg_discrimination": 0.9182348397940746,
      "num_questions": 150
    },
    "2": {
      "avg_difficulty": 0.4719880597730114,
      "avg_discrimination": 0.6249546079761925,
      "num_questions": 116
    },
    "3": {
      "avg_difficulty": 0.5421330502539649,
      "avg_discrimination": 0.5798775892309793,
      "num_questions": 117
    },
    "4": {
      "avg_difficulty": 0.5253012152539217,
      "avg_discrimination": 0.514483481646484,
      "num_questions": 112
    },
    "5": {
      "avg_difficulty": 0.4949892371731361,
      "avg_discrimination": 0.5,
      "num_questions": 119
    }
  },
  "model_abilities": {
    "llama3-8b_Dense": -0.29297415176041897,
    "llama3-8b_Sparse": -0.1898149726085735,
    "mistral-8b_open_book": -0.11686077518295718
  },
  "component_abilities": {
    "llms": {
      "llama3-8b": 0.7385884671516647,
      "mistral-8b": -0.05843038759147859
    },
    "retrievers": {
      "Dense": -1.0315626189120837,
      "Sparse": -0.9284034397602382,
      "open_book": -0.05843038759147859
    }
  }
}