{
  "overall_stats": {
    "avg_difficulty": 0.5715254197234866,
    "avg_discrimination": 0.756378297323139,
    "total_questions": 243
  },
  "hop_analysis": {
    "1": {
      "avg_difficulty": 0.5462458801388427,
      "avg_discrimination": 0.852781598221843,
      "num_questions": 150
    },
    "2": {
      "avg_difficulty": 0.5867463717074997,
      "avg_discrimination": 0.6949305555971534,
      "num_questions": 38
    },
    "3": {
      "avg_difficulty": 0.6953183553158172,
      "avg_discrimination": 0.6030750592796602,
      "num_questions": 19
    },
    "4": {
      "avg_difficulty": 0.505,
      "avg_discrimination": 0.5009388487356081,
      "num_questions": 18
    },
    "5": {
      "avg_difficulty": 0.6859102275608522,
      "avg_discrimination": 0.5,
      "num_questions": 18
    }
  },
  "model_abilities": {
    "llama3-8b_DenseV3": -0.14606523741936323,
    "llama3-8b_DenseV4": -0.17319105246696748,
    "llama3-8b_SparseV3": -0.14110918387322197,
    "llama3-8b_HybridV3": -0.1664858070314093,
    "llama3-8b_RerankV3": -0.16633358948208504,
    "llama3-8b_DenseV5-5": -0.1027368694183658,
    "llama3-8b_SparseV5-5": -0.162458046826169,
    "llama3-8b_HybridV5-5": -0.10562492220437375,
    "llama3-8b_RerankV5-5": -0.11877955160092873,
    "llama3-8b_DenseV5-10": -0.08614767664815659,
    "llama3-8b_SparseV5-10": -0.12376442873406773,
    "llama3-8b_HybridV5-10": -0.08876742142104,
    "llama3-8b_RerankV5-10": -0.07385249930579602,
    "llama3-8b_open_book": -0.04304968336909676,
    "mistral-8b_DenseV3": -0.17083195752672514,
    "mistral-8b_DenseV4": -0.1979577725743294,
    "mistral-8b_SparseV3": -0.16587590398058388,
    "mistral-8b_HybridV3": -0.19125252713877122,
    "mistral-8b_RerankV3": -0.19110030958944696,
    "mistral-8b_DenseV5-5": -0.1275035895257277,
    "mistral-8b_SparseV5-5": -0.1872247669335309,
    "mistral-8b_HybridV5-5": -0.13039164231173567,
    "mistral-8b_RerankV5-5": -0.14354627170829065,
    "mistral-8b_DenseV5-10": -0.11091439675551851,
    "mistral-8b_SparseV5-10": -0.14853114884142965,
    "mistral-8b_HybridV5-10": -0.11353414152840191,
    "mistral-8b_RerankV5-10": -0.09861921941315793,
    "mistral-8b_open_book": -0.06781640347645868,
    "gemma2_9b": 0.4732369415224837,
    "gemma2_9b_DenseV3": -0.06888993015456807,
    "gemma2_9b_SparseV3": -0.06393387660842681,
    "gemma2_9b_HybridV3": -0.08931049976661415,
    "gemma2_9b_RerankV3": -0.08915828221728989,
    "gemma2_9b_DenseV5-5": -0.02556156215357064,
    "gemma2_9b_SparseV5-5": -0.08528273956137383,
    "gemma2_9b_HybridV5-5": -0.028449614939578594,
    "gemma2_9b_RerankV5-5": -0.04160424433613358,
    "gemma2_9b_DenseV5-10": -0.008972369383361434,
    "gemma2_9b_SparseV5-10": -0.046589121469272576,
    "gemma2_9b_HybridV5-10": -0.011592114156244837,
    "gemma2_9b_RerankV5-10": 0.003322807958999141,
    "gemma2_9b_open_book": 0.0341256238956984
  },
  "component_abilities": {
    "llms": {
      "mistral-8b": 0.3712949141503266,
      "llama3-8b": 0.39606163425768853,
      "gemma2_9b": 0.4732369415224837
    },
    "retrievers": {
      "open_book": -0.4391113176267853,
      "HybridV3": -0.5625474412890978,
      "DenseV3": -0.5421268716770518,
      "DenseV5-5": -0.49879850367605433,
      "SparseV5-5": -0.5585196810838575,
      "DenseV4": -0.569252686724656,
      "HybridV5-10": -0.4848290556787285,
      "RerankV5-5": -0.5148411858586173,
      "SparseV5-10": -0.5198260629917563,
      "DenseV5-10": -0.4822093109058451,
      "HybridV5-5": -0.5016865564620623,
      "SparseV3": -0.5371708181309105,
      "RerankV5-10": -0.46991413356348455,
      "RerankV3": -0.5623952237397736
    }
  }
}