{
  "overall_stats": {
    "avg_difficulty": 0.24202427070028226,
    "avg_discrimination": 0.9616560987576759,
    "avg_guessing": 0.22873542428678528,
    "avg_feasibility": 0.6652128517084074,
    "total_questions": 243
  },
  "hop_analysis": {
    "1": {
      "avg_difficulty": 0.24752438682751748,
      "avg_discrimination": 0.9616423820849703,
      "avg_guessing": 0.23776740871585342,
      "avg_feasibility": 0.6937978869334066,
      "num_questions": 150
    },
    "2": {
      "avg_difficulty": 0.19888308215165793,
      "avg_discrimination": 0.9607658859204131,
      "avg_guessing": 0.26249745999170315,
      "avg_feasibility": 0.7099464093834104,
      "num_questions": 38
    },
    "3": {
      "avg_difficulty": 0.2851169125190412,
      "avg_discrimination": 0.9481979159732702,
      "avg_guessing": 0.2123372050250016,
      "avg_feasibility": 0.6573900451682714,
      "num_questions": 19
    },
    "4": {
      "avg_difficulty": 0.2135552507581403,
      "avg_discrimination": 0.9827209524351878,
      "avg_guessing": 0.28007185380429106,
      "avg_feasibility": 0.7618138698233198,
      "num_questions": 18
    },
    "5": {
      "avg_difficulty": 0.2702481545983146,
      "avg_discrimination": 0.9567907485038047,
      "avg_guessing": 0.22873542428678528,
      "avg_feasibility": 0.6652128517084074,
      "num_questions": 18
    }
  },
  "model_abilities": {
    "llama3-8b_DenseV3": 1.7076191493545751,
    "llama3-8b_DenseV4": 1.7653311453935692,
    "llama3-8b_SparseV3": 1.706721286767421,
    "llama3-8b_HybridV3": 1.6983945776514868,
    "llama3-8b_RerankV3": 1.7188716161606643,
    "llama3-8b_DenseV5-5": 1.7621729024015658,
    "llama3-8b_SparseV5-5": 1.7189107112343023,
    "llama3-8b_HybridV5-5": 1.7578735987904253,
    "llama3-8b_RerankV5-5": 1.7318620559931426,
    "llama3-8b_DenseV5-10": 1.7601308164962086,
    "llama3-8b_SparseV5-10": 1.7351288527934619,
    "llama3-8b_HybridV5-10": 1.7621396077186688,
    "llama3-8b_RerankV5-10": 1.7657002510825641,
    "llama3-8b_open_book": 1.6566385312871756,
    "mistral-8b_DenseV3": 1.673012369003711,
    "mistral-8b_DenseV4": 1.730724365042705,
    "mistral-8b_SparseV3": 1.672114506416557,
    "mistral-8b_HybridV3": 1.6637877973006228,
    "mistral-8b_RerankV3": 1.6842648358098002,
    "mistral-8b_DenseV5-5": 1.7275661220507017,
    "mistral-8b_SparseV5-5": 1.6843039308834382,
    "mistral-8b_HybridV5-5": 1.7232668184395612,
    "mistral-8b_RerankV5-5": 1.6972552756422785,
    "mistral-8b_DenseV5-10": 1.7255240361453446,
    "mistral-8b_SparseV5-10": 1.7005220724425978,
    "mistral-8b_HybridV5-10": 1.7275328273678048,
    "mistral-8b_RerankV5-10": 1.7310934707317,
    "mistral-8b_open_book": 1.6220317509363116,
    "gemma2_9b": 0.21666428712039607,
    "gemma2_9b_DenseV3": 1.4403007324115906,
    "gemma2_9b_SparseV3": 1.4394028698244365,
    "gemma2_9b_HybridV3": 1.4310761607085023,
    "gemma2_9b_RerankV3": 1.4515531992176798,
    "gemma2_9b_DenseV5-5": 1.4948544854585812,
    "gemma2_9b_SparseV5-5": 1.4515922942913178,
    "gemma2_9b_HybridV5-5": 1.4905551818474407,
    "gemma2_9b_RerankV5-5": 1.464543639050158,
    "gemma2_9b_DenseV5-10": 1.492812399553224,
    "gemma2_9b_SparseV5-10": 1.4678104358504773,
    "gemma2_9b_HybridV5-10": 1.4948211907756843,
    "gemma2_9b_RerankV5-10": 1.4983818341395796,
    "gemma2_9b_open_book": 1.3893201143441911
  },
  "component_abilities": {
    "llms": {
      "mistral-8b": 0.4493759237125165,
      "gemma2_9b": 0.21666428712039607,
      "llama3-8b": 0.4839827040633807
    },
    "retrievers": {
      "SparseV5-10": 1.2511461487300812,
      "DenseV3": 1.2236364452911945,
      "HybridV3": 1.2144118735881062,
      "SparseV3": 1.2227385827040405,
      "DenseV5-5": 1.2781901983381851,
      "SparseV5-5": 1.2349280071709217,
      "RerankV5-5": 1.247879351929762,
      "HybridV5-10": 1.2781569036552882,
      "RerankV5-10": 1.2817175470191835,
      "RerankV3": 1.2348889120972837,
      "DenseV4": 1.2813484413301885,
      "DenseV5-10": 1.276148112432828,
      "open_book": 1.172655827223795,
      "HybridV5-5": 1.2738908947270446
    }
  }
}