{
  "overall_stats": {
    "avg_difficulty": 0.2523134783290173,
    "avg_discrimination": 0.9608346086181192,
    "avg_guessing": 0.23336385086274777,
    "avg_feasibility": 0.6921446933754246,
    "total_questions": 243
  },
  "hop_analysis": {
    "1": {
      "avg_difficulty": 0.25793373984084944,
      "avg_discrimination": 0.9608298598643193,
      "avg_guessing": 0.24165819968917573,
      "avg_feasibility": 0.7176121916217025,
      "num_questions": 150
    },
    "2": {
      "avg_difficulty": 0.20735015782312263,
      "avg_discrimination": 0.9602696299624798,
      "avg_guessing": 0.26817295058639823,
      "avg_feasibility": 0.7369160583041211,
      "num_questions": 38
    },
    "3": {
      "avg_difficulty": 0.29755319268557706,
      "avg_discrimination": 0.9456778198573011,
      "avg_guessing": 0.2157044862832202,
      "avg_feasibility": 0.6795675393936511,
      "num_questions": 19
    },
    "4": {
      "avg_difficulty": 0.22291170325315818,
      "avg_discrimination": 0.9838402158151864,
      "avg_guessing": 0.28632926086946336,
      "avg_feasibility": 0.7774523828872046,
      "num_questions": 18
    },
    "5": {
      "avg_difficulty": 0.2820492744979068,
      "avg_discrimination": 0.9550601396677081,
      "avg_guessing": 0.23336385086274777,
      "avg_feasibility": 0.6921446933754246,
      "num_questions": 18
    },
    "multihop": {
      "avg_difficulty": 0.24324854040670751,
      "avg_discrimination": 0.9608422678984414,
      "avg_guessing": 0.25423046637466795,
      "avg_feasibility": 0.7243800089974549,
      "num_questions": 93
    }
  },
  "model_abilities": {
    "llama3-8b_DenseV3": 1.7946619498585674,
    "llama3-8b_DenseV4": 1.8509103156054123,
    "llama3-8b_SparseV3": 1.7928935321531716,
    "llama3-8b_HybridV3": 1.7833738187225117,
    "llama3-8b_RerankV3": 1.808225010166434,
    "llama3-8b_DenseV5-5": 1.8551462344329654,
    "llama3-8b_SparseV5-5": 1.8061055813856437,
    "llama3-8b_HybridV5-5": 1.8491963460122194,
    "llama3-8b_RerankV5-5": 1.8188290225592776,
    "llama3-8b_DenseV5-10": 1.851193909468599,
    "llama3-8b_SparseV5-10": 1.8245541663709215,
    "llama3-8b_HybridV5-10": 1.8537646034325745,
    "llama3-8b_RerankV5-10": 1.8562275503835557,
    "llama3-8b_open_book": 1.7359148341227502,
    "mistral-8b_DenseV3": 1.7617868859235482,
    "mistral-8b_DenseV4": 1.818035251670393,
    "mistral-8b_SparseV3": 1.7600184682181523,
    "mistral-8b_HybridV3": 1.750498754787492,
    "mistral-8b_RerankV3": 1.7753499462314144,
    "mistral-8b_DenseV5-5": 1.8222711704979457,
    "mistral-8b_SparseV5-5": 1.773230517450624,
    "mistral-8b_HybridV5-5": 1.8163212820771997,
    "mistral-8b_RerankV5-5": 1.7859539586242583,
    "mistral-8b_DenseV5-10": 1.8183188455335793,
    "mistral-8b_SparseV5-10": 1.7916791024359018,
    "mistral-8b_HybridV5-10": 1.8208895394975548,
    "mistral-8b_RerankV5-10": 1.823352486448536,
    "mistral-8b_open_book": 1.7030397701877305,
    "gemma2_9b": 0.27837598461199686,
    "gemma2_9b_DenseV3": 1.5599847576198675,
    "gemma2_9b_SparseV3": 1.5582163399144717,
    "gemma2_9b_HybridV3": 1.5486966264838116,
    "gemma2_9b_RerankV3": 1.573547817927734,
    "gemma2_9b_DenseV5-5": 1.6204690421942654,
    "gemma2_9b_SparseV5-5": 1.5714283891469436,
    "gemma2_9b_HybridV5-5": 1.6145191537735193,
    "gemma2_9b_RerankV5-5": 1.5841518303205777,
    "gemma2_9b_DenseV5-10": 1.6165167172298989,
    "gemma2_9b_SparseV5-10": 1.5898769741322214,
    "gemma2_9b_HybridV5-10": 1.6190874111938744,
    "gemma2_9b_RerankV5-10": 1.6215503581448556,
    "gemma2_9b_open_book": 1.50123764188405
  },
  "component_abilities": {
    "llms": {
      "mistral-8b": 0.48017811291567736,
      "llama3-8b": 0.5130531768506968,
      "gemma2_9b": 0.27837598461199686
    },
    "retrievers": {
      "HybridV5-5": 1.3361431691615224,
      "RerankV3": 1.2951718333157372,
      "DenseV3": 1.2816087730078707,
      "RerankV5-5": 1.3057758457085809,
      "DenseV5-10": 1.338140732617902,
      "DenseV4": 1.3378571387547156,
      "DenseV5-5": 1.3420930575822685,
      "SparseV5-5": 1.2930524045349467,
      "open_book": 1.2228616572720532,
      "RerankV5-10": 1.3431743735328587,
      "HybridV5-10": 1.3407114265818776,
      "SparseV3": 1.2798403553024749,
      "HybridV3": 1.2703206418718147,
      "SparseV5-10": 1.3115009895202245
    }
  }
}