{
  "overall_stats": {
    "avg_difficulty": 0.43682449261078826,
    "avg_discrimination": 0.568053326092028,
    "total_questions": 665
  },
  "hop_analysis": {
    "1": {
      "avg_difficulty": 0.4431650639354638,
      "avg_discrimination": 0.7346721905450866,
      "num_questions": 150
    },
    "2": {
      "avg_difficulty": 0.38591980144938065,
      "avg_discrimination": 0.5510676536450981,
      "num_questions": 126
    },
    "3": {
      "avg_difficulty": 0.4285978221662814,
      "avg_discrimination": 0.5198895852350619,
      "num_questions": 142
    },
    "4": {
      "avg_difficulty": 0.49600076914006375,
      "avg_discrimination": 0.5062170922404257,
      "num_questions": 128
    },
    "5": {
      "avg_difficulty": 0.42889616651842427,
      "avg_discrimination": 0.5,
      "num_questions": 119
    }
  },
  "model_abilities": {
    "llama3-8b_Dense": -0.07945661636332627,
    "mistral-8b_open_book": 0.08507162964881158
  },
  "component_abilities": {
    "llms": {
      "llama3-8b": -0.03972830818166313,
      "mistral-8b": 0.04253581482440579
    },
    "retrievers": {
      "Dense": -0.03972830818166313,
      "open_book": 0.04253581482440579
    }
  }
}