{
  "overall_stats": {
    "avg_difficulty": 0.5244262492965819,
    "avg_discrimination": 1.3038107250079332,
    "total_questions": 338
  },
  "hop_analysis": {
    "1": {
      "avg_difficulty": 0.48452332227219114,
      "avg_discrimination": 1.3404514254279105,
      "avg_feasibility": 0.2604773454319449,
      "num_questions": 150
    },
    "2": {
      "avg_difficulty": 0.566387778316862,
      "avg_discrimination": 1.2963301910610283,
      "avg_feasibility": 0.24951058228724762,
      "num_questions": 135
    },
    "3": {
      "avg_difficulty": 0.532299646966582,
      "avg_discrimination": 1.152690905418656,
      "avg_feasibility": 0.25032269223563103,
      "num_questions": 33
    },
    "4": {
      "avg_difficulty": 0.5327344088367696,
      "avg_discrimination": 1.2719830362592406,
      "avg_feasibility": 0.254902563744623,
      "num_questions": 9
    },
    "5": {
      "avg_difficulty": 0.5231568926555918,
      "avg_discrimination": 1.3753716581915603,
      "avg_feasibility": 0.2520867900433067,
      "num_questions": 11
    }
  },
  "model_abilities": {
    "llama3-8b_DenseV3": 1.5487160933548667,
    "llama3-8b_DenseV4": 1.5694391648325188,
    "llama3-8b_SparseV3": 1.4435500748772119,
    "llama3-8b_HybridV3": 1.5647501354982984,
    "llama3-8b_RerankV3": 1.5507507383059738,
    "llama3-8b_DenseV5-5": 1.5321061435840544,
    "llama3-8b_SparseV5-5": 1.530725829352861,
    "llama3-8b_HybridV5-5": 1.5797544753661958,
    "llama3-8b_RerankV5-5": 1.535255216688772,
    "llama3-8b_DenseV5-10": 1.4399372387416103,
    "llama3-8b_SparseV5-10": 1.6012243557055679,
    "llama3-8b_HybridV5-10": 1.579932840240208,
    "llama3-8b_RerankV5-10": 1.565941510025719,
    "mistral-8b_DenseV3": 1.6023770173216594,
    "mistral-8b_SparseV3": 1.4972109988440048,
    "mistral-8b_HybridV3": 1.6184110594650911,
    "mistral-8b_RerankV3": 1.6044116622727667,
    "mistral-8b_DenseV5-5": 1.5857670675508473,
    "mistral-8b_SparseV5-5": 1.5843867533196536,
    "mistral-8b_HybridV5-5": 1.6334153993329887,
    "mistral-8b_RerankV5-5": 1.5889161406555647,
    "mistral-8b_DenseV5-10": 1.4935981627084032,
    "mistral-8b_SparseV5-10": 1.6548852796723608,
    "mistral-8b_HybridV5-10": 1.6335937642070006,
    "mistral-8b_RerankV5-10": 1.619602433992512,
    "gemma2_9b_DenseV3": 1.5475161659094678,
    "gemma2_9b_SparseV3": 1.4423501474318128,
    "gemma2_9b_HybridV3": 1.5635502080528993,
    "gemma2_9b_RerankV3": 1.5495508108605747,
    "gemma2_9b_DenseV5-5": 1.5309062161386553,
    "gemma2_9b_SparseV5-5": 1.529525901907462,
    "gemma2_9b_HybridV5-5": 1.5785545479207967,
    "gemma2_9b_RerankV5-5": 1.5340552892433732,
    "gemma2_9b_DenseV5-10": 1.4387373112962112,
    "gemma2_9b_SparseV5-10": 1.600024428260169,
    "gemma2_9b_HybridV5-10": 1.578732912794809,
    "gemma2_9b_RerankV5-10": 1.5647415825803201
  },
  "component_abilities": {
    "llms": {
      "gemma2_9b": 0.747747814520685,
      "llama3-8b": 0.7489477419660839,
      "mistral-8b": 0.8026086659328767
    },
    "retrievers": {
      "RerankV5-5": 0.7863074747226881,
      "DenseV5-5": 0.7831584016179705,
      "HybridV5-10": 0.830985098274124,
      "RerankV5-10": 0.8169937680596352,
      "HybridV3": 0.8158023935322144,
      "DenseV4": 0.8204914228664347,
      "HybridV5-5": 0.8308067334001119,
      "SparseV3": 0.6946023329111279,
      "SparseV5-5": 0.781778087386777,
      "DenseV5-10": 0.6909894967755263,
      "RerankV3": 0.8018029963398898,
      "DenseV3": 0.7997683513887828,
      "SparseV5-10": 0.852276613739484
    }
  }
}