{
  "overall_stats": {
    "avg_difficulty": 0.22466254213970072,
    "avg_discrimination": 0.9661420178255585,
    "avg_guessing": 0.2570828957093772,
    "avg_feasibility": 0.7403147349093437,
    "total_questions": 338
  },
  "hop_analysis": {
    "1": {
      "avg_difficulty": 0.21955401402934466,
      "avg_discrimination": 0.9674673471553323,
      "avg_guessing": 0.2627437616963864,
      "avg_feasibility": 0.7111257151534756,
      "num_questions": 150
    },
    "2": {
      "avg_difficulty": 0.24288799996973706,
      "avg_discrimination": 0.9610499310117638,
      "avg_guessing": 0.23976163265971034,
      "avg_feasibility": 0.6547675777052202,
      "num_questions": 135
    },
    "3": {
      "avg_difficulty": 0.1853602718696267,
      "avg_discrimination": 0.9776310829969114,
      "avg_guessing": 0.2726545310312552,
      "avg_feasibility": 0.6488625614440945,
      "num_questions": 33
    },
    "4": {
      "avg_difficulty": 0.19088567947390386,
      "avg_discrimination": 0.9622674124394313,
      "avg_guessing": 0.2794044117618296,
      "avg_feasibility": 0.6858066451149476,
      "num_questions": 9
    },
    "5": {
      "avg_difficulty": 0.21619064144907468,
      "avg_discrimination": 0.9792660740270733,
      "avg_guessing": 0.2570828957093772,
      "avg_feasibility": 0.7403147349093437,
      "num_questions": 11
    }
  },
  "model_abilities": {
    "llama3-8b_DenseV3": 1.3994567871304415,
    "llama3-8b_DenseV4": 1.4710646518863189,
    "llama3-8b_SparseV3": 1.3622670869531155,
    "llama3-8b_HybridV3": 1.3494634513087727,
    "llama3-8b_RerankV3": 1.3950419881780287,
    "llama3-8b_DenseV5-5": 1.485303707312375,
    "llama3-8b_SparseV5-5": 1.44544494278475,
    "llama3-8b_HybridV5-5": 1.4954266981883717,
    "llama3-8b_RerankV5-5": 1.5224621375595722,
    "llama3-8b_DenseV5-10": 1.435098347221483,
    "llama3-8b_SparseV5-10": 1.440838579378528,
    "llama3-8b_HybridV5-10": 1.504089221545125,
    "llama3-8b_RerankV5-10": 1.4647492190610145,
    "mistral-8b_DenseV3": 0.7560756383350498,
    "mistral-8b_SparseV3": 0.7188859381577237,
    "mistral-8b_HybridV3": 0.7060823025133811,
    "mistral-8b_RerankV3": 0.751660839382637,
    "mistral-8b_DenseV5-5": 0.8419225585169832,
    "mistral-8b_SparseV5-5": 0.8020637939893585,
    "mistral-8b_HybridV5-5": 0.8520455493929802,
    "mistral-8b_RerankV5-5": 0.8790809887641806,
    "mistral-8b_DenseV5-10": 0.7917171984260913,
    "mistral-8b_SparseV5-10": 0.7974574305831363,
    "mistral-8b_HybridV5-10": 0.8607080727497332,
    "mistral-8b_RerankV5-10": 0.8213680702656228,
    "gemma2_9b_DenseV3": 1.9331642840722219,
    "gemma2_9b_SparseV3": 1.8959745838948958,
    "gemma2_9b_HybridV3": 1.883170948250553,
    "gemma2_9b_RerankV3": 1.928749485119809,
    "gemma2_9b_DenseV5-5": 2.0190112042541553,
    "gemma2_9b_SparseV5-5": 1.9791524397265303,
    "gemma2_9b_HybridV5-5": 2.029134195130152,
    "gemma2_9b_RerankV5-5": 2.0561696345013525,
    "gemma2_9b_DenseV5-10": 1.9688058441632634,
    "gemma2_9b_SparseV5-10": 1.9745460763203084,
    "gemma2_9b_HybridV5-10": 2.0377967184869052,
    "gemma2_9b_RerankV5-10": 1.9984567160027948
  },
  "component_abilities": {
    "llms": {
      "mistral-8b": -0.3573060602304019,
      "gemma2_9b": 0.8197825855067701,
      "llama3-8b": 0.28607508856498975
    },
    "retrievers": {
      "SparseV5-10": 1.1547634908135382,
      "DenseV3": 1.1133816985654517,
      "HybridV3": 1.063388362743783,
      "SparseV3": 1.0761919983881256,
      "DenseV5-5": 1.199228618747385,
      "SparseV5-5": 1.1593698542197604,
      "RerankV5-5": 1.2363870489945825,
      "HybridV5-10": 1.218014132980135,
      "RerankV5-10": 1.1786741304960247,
      "RerankV3": 1.1089668996130388,
      "DenseV4": 1.1849895633213292,
      "DenseV5-10": 1.1490232586564932,
      "HybridV5-5": 1.209351609623382
    }
  }
}