{
  "overall_stats": {
    "avg_difficulty": 0.5686202895817609,
    "avg_discrimination": 0.6885080938835388,
    "total_questions": 329
  },
  "hop_analysis": {
    "1": {
      "avg_difficulty": 0.5045345175576983,
      "avg_discrimination": 0.8331418941998094,
      "num_questions": 150
    },
    "2": {
      "avg_difficulty": 0.5521165189803849,
      "avg_discrimination": 0.721120055419881,
      "num_questions": 43
    },
    "3": {
      "avg_difficulty": 0.5829651605656485,
      "avg_discrimination": 0.5619443018209266,
      "num_questions": 41
    },
    "4": {
      "avg_difficulty": 0.7037862029195148,
      "avg_discrimination": 0.5,
      "num_questions": 32
    },
    "5": {
      "avg_difficulty": 0.6544786864439999,
      "avg_discrimination": 0.5,
      "num_questions": 63
    }
  },
  "model_abilities": {
    "llama3-8b_DenseV3": -0.13462256046111887,
    "llama3-8b_DenseV4": -0.25007230707210204,
    "llama3-8b_SparseV3": -0.2193366622214391,
    "llama3-8b_HybridV3": -0.1510311279213884,
    "llama3-8b_RerankV3": -0.16158609897236242,
    "llama3-8b_DenseV5-5": -0.14812682853025494,
    "llama3-8b_SparseV5-5": -0.14912741737868385,
    "llama3-8b_HybridV5-5": -0.16972361265524605,
    "llama3-8b_RerankV5-5": -0.13125825686795445,
    "llama3-8b_DenseV5-10": -0.14608074573613983,
    "llama3-8b_SparseV5-10": -0.12546007030253203,
    "llama3-8b_HybridV5-10": -0.14806667438415466,
    "llama3-8b_RerankV5-10": -0.10900795633251192,
    "llama3-8b_open_book": 0.12025985444569592,
    "mistral-8b_DenseV3": -0.06964592573910355,
    "mistral-8b_DenseV4": -0.18509567235008673,
    "mistral-8b_SparseV3": -0.1543600274994238,
    "mistral-8b_HybridV3": -0.08605449319937308,
    "mistral-8b_RerankV3": -0.09660946425034711,
    "mistral-8b_DenseV5-5": -0.08315019380823963,
    "mistral-8b_SparseV5-5": -0.08415078265666853,
    "mistral-8b_HybridV5-5": -0.10474697793323073,
    "mistral-8b_RerankV5-5": -0.06628162214593913,
    "mistral-8b_DenseV5-10": -0.08110411101412451,
    "mistral-8b_SparseV5-10": -0.06048343558051672,
    "mistral-8b_HybridV5-10": -0.08309003966213935,
    "mistral-8b_RerankV5-10": -0.04403132161049661,
    "mistral-8b_open_book": 0.18523648916771124,
    "gemma2_9b": 0.6163355142568218,
    "gemma2_9b_DenseV3": 0.01943663416960084,
    "gemma2_9b_SparseV3": -0.0652774675907194,
    "gemma2_9b_HybridV3": 0.003028066709331312,
    "gemma2_9b_RerankV3": -0.007526904341642715,
    "gemma2_9b_DenseV5-5": 0.00593236610046477,
    "gemma2_9b_SparseV5-5": 0.004931777252035863,
    "gemma2_9b_HybridV5-5": -0.01566441802452634,
    "gemma2_9b_RerankV5-5": 0.02280093776276526,
    "gemma2_9b_DenseV5-10": 0.007978448894579881,
    "gemma2_9b_SparseV5-10": 0.028599124328187675,
    "gemma2_9b_HybridV5-10": 0.005992520246565047,
    "gemma2_9b_RerankV5-10": 0.045051238298207785,
    "gemma2_9b_open_book": 0.27431904907641563
  },
  "component_abilities": {
    "llms": {
      "mistral-8b": 0.5272529543481174,
      "llama3-8b": 0.46227631962610205,
      "gemma2_9b": 0.6163355142568218
    },
    "retrievers": {
      "open_book": -0.3420164651804061,
      "HybridV3": -0.6133074475474904,
      "DenseV3": -0.5968988800872209,
      "DenseV5-5": -0.610403148156357,
      "SparseV5-5": -0.6114037370047859,
      "DenseV4": -0.7123486266982041,
      "HybridV5-10": -0.6103429940102567,
      "RerankV5-5": -0.5935345764940565,
      "SparseV5-10": -0.5877363899286341,
      "DenseV5-10": -0.6083570653622419,
      "HybridV5-5": -0.6319999322813481,
      "SparseV3": -0.6816129818475412,
      "RerankV5-10": -0.571284275958614,
      "RerankV3": -0.6238624185984645
    }
  }
}