{
  "overall_stats": {
    "avg_difficulty": 0.49533283979548104,
    "avg_discrimination": 1.078498600433009,
    "total_questions": 321
  },
  "hop_analysis": {
    "1": {
      "avg_difficulty": 0.4553736715831724,
      "avg_discrimination": 1.100002975979614,
      "avg_feasibility": 0.2712168999749022,
      "num_questions": 150
    },
    "2": {
      "avg_difficulty": 0.56147920948281,
      "avg_discrimination": 1.0299308957434647,
      "avg_feasibility": 0.2463402280448352,
      "num_questions": 136
    },
    "3": {
      "avg_difficulty": 0.6032690548273436,
      "avg_discrimination": 1.0226437924495164,
      "avg_feasibility": 0.2345616551264168,
      "num_questions": 16
    },
    "4": {
      "avg_difficulty": 0.27999999999999997,
      "avg_discrimination": 1.267181134285761,
      "avg_feasibility": 0.26686909735827047,
      "num_questions": 11
    },
    "5": {
      "avg_difficulty": 0.20028918374673255,
      "avg_discrimination": 1.3532136705758675,
      "avg_feasibility": 0.2767569064196912,
      "num_questions": 8
    }
  },
  "model_abilities": {
    "llama3-8b_DenseV3": 1.577602619580259,
    "llama3-8b_DenseV4": 1.5929103666593667,
    "llama3-8b_SparseV3": 1.6290601731749845,
    "llama3-8b_HybridV3": 1.584079675733117,
    "llama3-8b_RerankV3": 1.653453423960622,
    "llama3-8b_DenseV5-5": 1.5611098584906238,
    "llama3-8b_SparseV5-5": 1.5482338517570264,
    "llama3-8b_HybridV5-5": 1.6093755641108038,
    "llama3-8b_RerankV5-5": 1.5854278596234543,
    "llama3-8b_DenseV5-10": 1.546140081559432,
    "llama3-8b_SparseV5-10": 1.5273773585606518,
    "llama3-8b_HybridV5-10": 1.6444373510498673,
    "llama3-8b_RerankV5-10": 1.5999500568997584,
    "mistral-8b_DenseV3": 1.5111460737796854,
    "mistral-8b_SparseV3": 1.5626036273744108,
    "mistral-8b_HybridV3": 1.5176231299325433,
    "mistral-8b_RerankV3": 1.5869968781600483,
    "mistral-8b_DenseV5-5": 1.49465331269005,
    "mistral-8b_SparseV5-5": 1.4817773059564527,
    "mistral-8b_HybridV5-5": 1.5429190183102302,
    "mistral-8b_RerankV5-5": 1.5189713138228806,
    "mistral-8b_DenseV5-10": 1.4796835357588582,
    "mistral-8b_SparseV5-10": 1.4609208127600781,
    "mistral-8b_HybridV5-10": 1.5779808052492936,
    "mistral-8b_RerankV5-10": 1.5334935110991847,
    "gemma2_9b_DenseV3": 1.573896783805049,
    "gemma2_9b_SparseV3": 1.6253543373997745,
    "gemma2_9b_HybridV3": 1.580373839957907,
    "gemma2_9b_RerankV3": 1.649747588185412,
    "gemma2_9b_DenseV5-5": 1.5574040227154138,
    "gemma2_9b_SparseV5-5": 1.5445280159818164,
    "gemma2_9b_HybridV5-5": 1.6056697283355938,
    "gemma2_9b_RerankV5-5": 1.5817220238482443,
    "gemma2_9b_DenseV5-10": 1.542434245784222,
    "gemma2_9b_SparseV5-10": 1.5236715227854418,
    "gemma2_9b_HybridV5-10": 1.6407315152746573,
    "gemma2_9b_RerankV5-10": 1.5962442211245484
  },
  "component_abilities": {
    "llms": {
      "gemma2_9b": 0.7945136274152855,
      "llama3-8b": 0.7982194631904955,
      "mistral-8b": 0.7317629173899218
    },
    "retrievers": {
      "RerankV5-5": 0.7872083964329589,
      "DenseV5-5": 0.7628903953001283,
      "HybridV5-10": 0.8462178878593718,
      "RerankV5-10": 0.8017305937092628,
      "HybridV3": 0.7858602125426215,
      "DenseV4": 0.7946909034688713,
      "HybridV5-5": 0.8111561009203083,
      "SparseV3": 0.830840709984489,
      "SparseV5-5": 0.750014388566531,
      "DenseV5-10": 0.7479206183689364,
      "RerankV3": 0.8552339607701266,
      "DenseV3": 0.7793831563897635,
      "SparseV5-10": 0.7291578953701563
    }
  }
}