{
  "overall_stats": {
    "avg_difficulty": 0.47846821182938615,
    "avg_discrimination": 1.000066418294268,
    "total_questions": 321
  },
  "hop_analysis": {
    "1": {
      "avg_difficulty": 0.43475461758024636,
      "avg_discrimination": 1.0171835845445527,
      "avg_feasibility": 0.9581111051131973,
      "num_questions": 150
    },
    "2": {
      "avg_difficulty": 0.5464063614665344,
      "avg_discrimination": 0.9526883510804405,
      "avg_feasibility": 1.0,
      "num_questions": 136
    },
    "3": {
      "avg_difficulty": 0.6088824386573533,
      "avg_discrimination": 0.9360492092933218,
      "avg_feasibility": 1.0,
      "num_questions": 16
    },
    "4": {
      "avg_difficulty": 0.27999999999999997,
      "avg_discrimination": 1.2506049223394784,
      "avg_feasibility": 1.0,
      "num_questions": 11
    },
    "5": {
      "avg_difficulty": 0.15521489777871356,
      "avg_discrimination": 1.2680906686762203,
      "avg_feasibility": 1.0,
      "num_questions": 8
    }
  },
  "model_abilities": {
    "llama3-8b_DenseV3": 0.0,
    "llama3-8b_DenseV4": 0.0,
    "llama3-8b_SparseV3": 0.0,
    "llama3-8b_HybridV3": 0.0,
    "llama3-8b_RerankV3": 0.0,
    "llama3-8b_DenseV5-5": 0.0,
    "llama3-8b_SparseV5-5": 0.0,
    "llama3-8b_HybridV5-5": 0.0,
    "llama3-8b_RerankV5-5": 0.0,
    "llama3-8b_DenseV5-10": 0.0,
    "llama3-8b_SparseV5-10": 0.0,
    "llama3-8b_HybridV5-10": 0.0,
    "llama3-8b_RerankV5-10": 0.0,
    "mistral-8b_DenseV3": 0.0,
    "mistral-8b_SparseV3": 0.0,
    "mistral-8b_HybridV3": 0.0,
    "mistral-8b_RerankV3": 0.0,
    "mistral-8b_DenseV5-5": 0.0,
    "mistral-8b_SparseV5-5": 0.0,
    "mistral-8b_HybridV5-5": 0.0,
    "mistral-8b_RerankV5-5": 0.0,
    "mistral-8b_DenseV5-10": 0.0,
    "mistral-8b_SparseV5-10": 0.0,
    "mistral-8b_HybridV5-10": 0.0,
    "mistral-8b_RerankV5-10": 0.0,
    "gemma2_9b_DenseV3": 0.0,
    "gemma2_9b_SparseV3": 0.0,
    "gemma2_9b_HybridV3": 0.0,
    "gemma2_9b_RerankV3": 0.0,
    "gemma2_9b_DenseV5-5": 0.0,
    "gemma2_9b_SparseV5-5": 0.0,
    "gemma2_9b_HybridV5-5": 0.0,
    "gemma2_9b_RerankV5-5": 0.0,
    "gemma2_9b_DenseV5-10": 0.0,
    "gemma2_9b_SparseV5-10": 0.0,
    "gemma2_9b_HybridV5-10": 0.0,
    "gemma2_9b_RerankV5-10": 0.0
  },
  "component_abilities": {
    "llms": {
      "mistral-8b": 0.0,
      "gemma2_9b": 0.0,
      "llama3-8b": 0.0
    },
    "retrievers": {
      "DenseV4": 0.0,
      "RerankV5-10": 0.0,
      "DenseV3": 0.0,
      "DenseV5-10": 0.0,
      "SparseV5-10": 0.0,
      "SparseV3": 0.0,
      "HybridV5-5": 0.0,
      "RerankV3": 0.0,
      "SparseV5-5": 0.0,
      "RerankV5-5": 0.0,
      "HybridV5-10": 0.0,
      "HybridV3": 0.0,
      "DenseV5-5": 0.0
    }
  }
}