{
  "exam_id": "multifieldqa_en:",
  "total_questions": 150,
  "processed_questions": 150,
  "processing_success_rate": 100.0,
  "answer_distribution": {
    "B": 66,
    "D": 14,
    "C": 52,
    "A": 18
  },
  "best_fixed_answer_baseline": 44.0,
  "longest_answer_baseline": 42.0,
  "question_types": {
    "Which": 18.0,
    "What": 74.66666666666667,
    "How": 10.666666666666666,
    "When": 2.6666666666666665,
    "Why": 1.3333333333333333,
    "Where": 1.3333333333333333,
    "Other": 0.0
  },
  "avg_question_length": {
    "mean": 159.25333333333333,
    "std": 43.6318212113845
  },
  "avg_answer_length": {
    "mean": 112.64333333333333,
    "std": 43.43155867441196
  },
  "avg_documentation_length": {
    "mean": 2047.2333333333333,
    "std": 413.54926214687197
  }
}