{
  "overall_stats": {
    "avg_difficulty": 0.44465866438752333,
    "avg_discrimination": 1.0777150877528603,
    "total_questions": 415
  },
  "hop_analysis": {
    "1": {
      "avg_difficulty": 0.4280510413336961,
      "avg_discrimination": 1.091906687971648,
      "avg_feasibility": 0.27306325090643047,
      "num_questions": 150
    },
    "2": {
      "avg_difficulty": 0.40561291703238733,
      "avg_discrimination": 1.102499386335743,
      "avg_feasibility": 0.25584142866747767,
      "num_questions": 145
    },
    "3": {
      "avg_difficulty": 0.48504311479171874,
      "avg_discrimination": 1.040824530632339,
      "avg_feasibility": 0.24526137564388484,
      "num_questions": 51
    },
    "4": {
      "avg_difficulty": 0.4987313747083937,
      "avg_discrimination": 1.0424292032032645,
      "avg_feasibility": 0.24393680183094218,
      "num_questions": 36
    },
    "5": {
      "avg_difficulty": 0.5703117638542962,
      "avg_discrimination": 0.999813479558798,
      "avg_feasibility": 0.2441053535110228,
      "num_questions": 33
    }
  },
  "model_abilities": {
    "llama3-8b_DenseV3": 1.5552809071420057,
    "llama3-8b_DenseV4": 1.5944910682031153,
    "llama3-8b_SparseV3": 1.5479682945703122,
    "llama3-8b_HybridV3": 1.5395469816123173,
    "llama3-8b_RerankV3": 1.6663749331737023,
    "llama3-8b_DenseV5-5": 1.5014233693118713,
    "llama3-8b_SparseV5-5": 1.6181172662704202,
    "llama3-8b_HybridV5-5": 1.543122954976753,
    "llama3-8b_RerankV5-5": 1.5708143055663344,
    "llama3-8b_DenseV5-10": 1.577465617984981,
    "llama3-8b_SparseV5-10": 1.629359347700876,
    "llama3-8b_HybridV5-10": 1.6277574928692904,
    "llama3-8b_RerankV5-10": 1.655232163934114,
    "mistral-8b_DenseV3": 1.4855035330761073,
    "mistral-8b_SparseV3": 1.4781909205044141,
    "mistral-8b_HybridV3": 1.4697696075464188,
    "mistral-8b_RerankV3": 1.596597559107804,
    "mistral-8b_DenseV5-5": 1.431645995245973,
    "mistral-8b_SparseV5-5": 1.5483398922045222,
    "mistral-8b_HybridV5-5": 1.4733455809108547,
    "mistral-8b_RerankV5-5": 1.501036931500436,
    "mistral-8b_DenseV5-10": 1.5076882439190828,
    "mistral-8b_SparseV5-10": 1.559581973634978,
    "mistral-8b_HybridV5-10": 1.5579801188033922,
    "mistral-8b_RerankV5-10": 1.5854547898682159,
    "gemma2_9b_DenseV3": 1.5792877073674085,
    "gemma2_9b_SparseV3": 1.571975094795715,
    "gemma2_9b_HybridV3": 1.56355378183772,
    "gemma2_9b_RerankV3": 1.6903817333991051,
    "gemma2_9b_DenseV5-5": 1.525430169537274,
    "gemma2_9b_SparseV5-5": 1.642124066495823,
    "gemma2_9b_HybridV5-5": 1.5671297552021557,
    "gemma2_9b_RerankV5-5": 1.5948211057917372,
    "gemma2_9b_DenseV5-10": 1.6014724182103839,
    "gemma2_9b_SparseV5-10": 1.653366147926279,
    "gemma2_9b_HybridV5-10": 1.6517642930946932,
    "gemma2_9b_RerankV5-10": 1.679238964159517
  },
  "component_abilities": {
    "llms": {
      "gemma2_9b": 0.8033993313025545,
      "llama3-8b": 0.7793925310771517,
      "mistral-8b": 0.7096151570112534
    },
    "retrievers": {
      "RerankV5-5": 0.7914217744891826,
      "DenseV5-5": 0.7220308382347196,
      "HybridV5-10": 0.8483649617921387,
      "RerankV5-10": 0.8758396328569624,
      "HybridV3": 0.7601544505351655,
      "DenseV4": 0.8150985371259636,
      "HybridV5-5": 0.7637304238996012,
      "SparseV3": 0.7685757634931606,
      "SparseV5-5": 0.8387247351932686,
      "DenseV5-10": 0.7980730869078294,
      "RerankV3": 0.8869824020965507,
      "DenseV3": 0.775888376064854,
      "SparseV5-10": 0.8499668166237245
    }
  }
}