{
  "overall_stats": {
    "avg_difficulty": 0.5043142176677214,
    "avg_discrimination": 1.360704834395504,
    "total_questions": 257
  },
  "hop_analysis": {
    "1": {
      "avg_difficulty": 0.4745788821119507,
      "avg_discrimination": 1.331574607602534,
      "avg_feasibility": 0.22780958846353044,
      "num_questions": 150
    },
    "2": {
      "avg_difficulty": 0.5168806316164324,
      "avg_discrimination": 1.4244641717574067,
      "avg_feasibility": 0.24108044844754187,
      "num_questions": 44
    },
    "3": {
      "avg_difficulty": 0.5948090502523626,
      "avg_discrimination": 1.421827420086656,
      "avg_feasibility": 0.23402778043290223,
      "num_questions": 22
    },
    "4": {
      "avg_difficulty": 0.6891513964642693,
      "avg_discrimination": 1.411184335673361,
      "avg_feasibility": 0.2694308802564643,
      "num_questions": 21
    },
    "5": {
      "avg_difficulty": 0.40605977006935623,
      "avg_discrimination": 1.3186726725445765,
      "avg_feasibility": 0.2510224592420694,
      "num_questions": 20
    }
  },
  "model_abilities": {
    "llama3-8b_DenseV3": 1.6149712897480037,
    "llama3-8b_DenseV4": 1.610200815251964,
    "llama3-8b_SparseV3": 1.702638729175026,
    "llama3-8b_HybridV3": 1.5476280650010708,
    "llama3-8b_RerankV3": 1.625200036332848,
    "llama3-8b_DenseV5-5": 1.6229005346876828,
    "llama3-8b_SparseV5-5": 1.6574713372684644,
    "llama3-8b_HybridV5-5": 1.6087741926499535,
    "llama3-8b_RerankV5-5": 1.613363329872885,
    "llama3-8b_DenseV5-10": 1.613332942797367,
    "llama3-8b_SparseV5-10": 1.6026149716030165,
    "llama3-8b_HybridV5-10": 1.6326102360677357,
    "llama3-8b_RerankV5-10": 1.6157799672640147,
    "llama3-8b_open_book": 1.5580871023196947,
    "mistral-8b_DenseV3": 1.6697418749528428,
    "mistral-8b_DenseV4": 1.6649714004568033,
    "mistral-8b_SparseV3": 1.757409314379865,
    "mistral-8b_HybridV3": 1.6023986502059098,
    "mistral-8b_RerankV3": 1.679970621537687,
    "mistral-8b_DenseV5-5": 1.6776711198925218,
    "mistral-8b_SparseV5-5": 1.7122419224733034,
    "mistral-8b_HybridV5-5": 1.6635447778547925,
    "mistral-8b_RerankV5-5": 1.6681339150777243,
    "mistral-8b_DenseV5-10": 1.6681035280022063,
    "mistral-8b_SparseV5-10": 1.6573855568078555,
    "mistral-8b_HybridV5-10": 1.687380821272575,
    "mistral-8b_RerankV5-10": 1.6705505524688538,
    "mistral-8b_open_book": 1.6128576875245337,
    "gemma2_9b": 0.8679610300147806,
    "gemma2_9b_DenseV3": 1.6701716489199905,
    "gemma2_9b_SparseV3": 1.7578390883470127,
    "gemma2_9b_HybridV3": 1.6028284241730575,
    "gemma2_9b_RerankV3": 1.6804003955048348,
    "gemma2_9b_DenseV5-5": 1.6781008938596695,
    "gemma2_9b_SparseV5-5": 1.7126716964404511,
    "gemma2_9b_HybridV5-5": 1.6639745518219402,
    "gemma2_9b_RerankV5-5": 1.668563689044872,
    "gemma2_9b_DenseV5-10": 1.668533301969354,
    "gemma2_9b_SparseV5-10": 1.6578153307750032,
    "gemma2_9b_HybridV5-10": 1.6878105952397227,
    "gemma2_9b_RerankV5-10": 1.6709803264360015,
    "gemma2_9b_open_book": 1.6132874614916815
  },
  "component_abilities": {
    "llms": {
      "gemma2_9b": 0.8679610300147806,
      "llama3-8b": 0.8127606708427938,
      "mistral-8b": 0.8675312560476329
    },
    "retrievers": {
      "RerankV5-5": 0.8006026590300913,
      "DenseV5-5": 0.810139863844889,
      "open_book": 0.7453264314769009,
      "HybridV5-10": 0.819849565224942,
      "RerankV5-10": 0.8030192964212209,
      "HybridV3": 0.7348673941582768,
      "DenseV4": 0.7974401444091702,
      "HybridV5-5": 0.7960135218071597,
      "SparseV3": 0.8898780583322321,
      "SparseV5-5": 0.8447106664256705,
      "DenseV5-10": 0.8005722719545734,
      "RerankV3": 0.8124393654900542,
      "DenseV3": 0.80221061890521,
      "SparseV5-10": 0.7898543007602227
    }
  }
}