{
  "overall_stats": {
    "avg_difficulty": 0.546284068327723,
    "avg_discrimination": 0.7537778642420913,
    "total_questions": 257
  },
  "hop_analysis": {
    "1": {
      "avg_difficulty": 0.5010166744621669,
      "avg_discrimination": 0.8307580093998295,
      "num_questions": 150
    },
    "2": {
      "avg_difficulty": 0.5621577347888322,
      "avg_discrimination": 0.7838971115176637,
      "num_questions": 44
    },
    "3": {
      "avg_difficulty": 0.6399999999999999,
      "avg_discrimination": 0.628614923899145,
      "num_questions": 22
    },
    "4": {
      "avg_difficulty": 0.7171428571428571,
      "avg_discrimination": 0.5136289746516491,
      "num_questions": 21
    },
    "5": {
      "avg_difficulty": 0.5683782030095589,
      "avg_discrimination": 0.5,
      "num_questions": 20
    }
  },
  "model_abilities": {
    "llama3-8b_DenseV3": -0.06475809963248536,
    "llama3-8b_DenseV4": -0.10768912814864706,
    "llama3-8b_SparseV3": 0.03905277600344215,
    "llama3-8b_HybridV3": -0.032172784347521466,
    "llama3-8b_RerankV3": -0.09066133721977754,
    "llama3-8b_DenseV5-5": -0.015351952093397903,
    "llama3-8b_SparseV5-5": -0.0013159278807667318,
    "llama3-8b_HybridV5-5": 0.017771367678562133,
    "llama3-8b_RerankV5-5": -0.0023591673963491155,
    "llama3-8b_DenseV5-10": -0.124834295452806,
    "llama3-8b_SparseV5-10": -0.030624222219138075,
    "llama3-8b_HybridV5-10": -0.09484324394601806,
    "llama3-8b_RerankV5-10": -0.05883889806218956,
    "llama3-8b_open_book": 0.14391566102793918,
    "mistral-8b_DenseV3": -0.2470913901323163,
    "mistral-8b_DenseV4": -0.290022418648478,
    "mistral-8b_SparseV3": -0.1432805144963888,
    "mistral-8b_HybridV3": -0.2145060748473524,
    "mistral-8b_RerankV3": -0.2729946277196085,
    "mistral-8b_DenseV5-5": -0.19768524259322884,
    "mistral-8b_SparseV5-5": -0.18364921838059767,
    "mistral-8b_HybridV5-5": -0.1645619228212688,
    "mistral-8b_RerankV5-5": -0.18469245789618005,
    "mistral-8b_DenseV5-10": -0.30716758595263693,
    "mistral-8b_SparseV5-10": -0.212957512718969,
    "mistral-8b_HybridV5-10": -0.277176534445849,
    "mistral-8b_RerankV5-10": -0.2411721885620205,
    "mistral-8b_open_book": -0.03841762947189176,
    "gemma2-9b": 0.42172163786004346,
    "gemma2-9b_DenseV3": -0.34103424314924247,
    "gemma2-9b_SparseV3": -0.23722336751331496,
    "gemma2-9b_HybridV3": -0.3084489278642786,
    "gemma2-9b_RerankV3": -0.36693748073653465,
    "gemma2-9b_DenseV5-5": -0.291628095610155,
    "gemma2-9b_SparseV5-5": -0.27759207139752384,
    "gemma2-9b_HybridV5-5": -0.258504775838195,
    "gemma2-9b_RerankV5-5": -0.2786353109131062,
    "gemma2-9b_DenseV5-10": -0.4011104389695631,
    "gemma2-9b_SparseV5-10": -0.3069003657358952,
    "gemma2-9b_HybridV5-10": -0.3711193874627752,
    "gemma2-9b_RerankV5-10": -0.33511504157894667,
    "gemma2-9b_open_book": -0.13236048248881793
  },
  "component_abilities": {
    "llms": {
      "gemma2-9b": 0.42172163786004346,
      "mistral-8b": 0.5156644908769696,
      "llama3-8b": 0.6979977813768006
    },
    "retrievers": {
      "SparseV5-10": -0.7286220035959386,
      "DenseV5-10": -0.8228320768296066,
      "DenseV3": -0.7627558810092859,
      "SparseV3": -0.6589450053733584,
      "DenseV5-5": -0.7133497334701985,
      "HybridV5-5": -0.6802264136982384,
      "HybridV5-10": -0.7928410253228186,
      "DenseV4": -0.8056869095254476,
      "RerankV5-5": -0.7003569487731497,
      "SparseV5-5": -0.6993137092575673,
      "RerankV3": -0.7886591185965781,
      "open_book": -0.5540821203488614,
      "RerankV5-10": -0.7568366794389901,
      "HybridV3": -0.730170565724322
    }
  }
}