{
  "overall_stats": {
    "avg_difficulty": 0.3269049283726932,
    "avg_discrimination": 0.974722568414015,
    "avg_guessing": 0.3493032326843903,
    "avg_feasibility": 0.7833482570227707,
    "total_questions": 359
  },
  "hop_analysis": {
    "1": {
      "avg_difficulty": 0.3369169442465361,
      "avg_discrimination": 0.9750942435333214,
      "avg_guessing": 0.2883288836600947,
      "avg_feasibility": 0.7280421550375382,
      "num_questions": 150
    },
    "2": {
      "avg_difficulty": 0.4179055849539889,
      "avg_discrimination": 0.9831515760284687,
      "avg_guessing": 0.23155670532657938,
      "avg_feasibility": 0.6742790820192771,
      "num_questions": 46
    },
    "3": {
      "avg_difficulty": 0.3074984410190281,
      "avg_discrimination": 0.9727084522010545,
      "avg_guessing": 0.305282093799168,
      "avg_feasibility": 0.7574393315703193,
      "num_questions": 60
    },
    "4": {
      "avg_difficulty": 0.34657390136042854,
      "avg_discrimination": 0.9800265938788669,
      "avg_guessing": 0.2743273579967747,
      "avg_feasibility": 0.7312488708697922,
      "num_questions": 46
    },
    "5": {
      "avg_difficulty": 0.23167306696862375,
      "avg_discrimination": 0.9647817996988154,
      "avg_guessing": 0.3493032326843903,
      "avg_feasibility": 0.7833482570227707,
      "num_questions": 57
    },
    "multihop": {
      "avg_difficulty": 0.3197192710469685,
      "avg_discrimination": 0.9744558159360439,
      "avg_guessing": 0.29424821437241444,
      "avg_feasibility": 0.7404377817101162,
      "num_questions": 209
    }
  },
  "model_abilities": {
    "llama3-8b_DenseV3": 4.469578014436205,
    "llama3-8b_DenseV4": 4.469360602467092,
    "llama3-8b_SparseV3": 4.470227882345653,
    "llama3-8b_HybridV3": 4.470718817299591,
    "llama3-8b_RerankV3": 4.46700812648785,
    "llama3-8b_DenseV5-5": 4.463249457705153,
    "llama3-8b_SparseV5-5": 4.485851411133966,
    "llama3-8b_HybridV5-5": 4.463954895726276,
    "llama3-8b_RerankV5-5": 4.462912027056317,
    "llama3-8b_DenseV5-10": 4.48060166660154,
    "llama3-8b_SparseV5-10": 4.481607020274508,
    "llama3-8b_HybridV5-10": 4.4840258004769975,
    "llama3-8b_RerankV5-10": 4.463767667496301,
    "llama3-8b_open_book": 4.469237644416552,
    "mistral-8b_DenseV3": 4.452481365966753,
    "mistral-8b_DenseV4": 4.452263953997639,
    "mistral-8b_SparseV3": 4.4531312338762,
    "mistral-8b_HybridV3": 4.4536221688301385,
    "mistral-8b_RerankV3": 4.4499114780183975,
    "mistral-8b_DenseV5-5": 4.4461528092357,
    "mistral-8b_SparseV5-5": 4.468754762664513,
    "mistral-8b_HybridV5-5": 4.446858247256823,
    "mistral-8b_RerankV5-5": 4.445815378586865,
    "mistral-8b_DenseV5-10": 4.463505018132087,
    "mistral-8b_SparseV5-10": 4.464510371805055,
    "mistral-8b_HybridV5-10": 4.466929152007545,
    "mistral-8b_RerankV5-10": 4.446671019026848,
    "mistral-8b_open_book": 4.452140995947099,
    "gemma2_9b": 1.9009409963952177,
    "gemma2_9b_DenseV3": 4.293351505588992,
    "gemma2_9b_DenseV4": 4.293134093619879,
    "gemma2_9b_SparseV3": 4.29400137349844,
    "gemma2_9b_HybridV3": 4.294492308452378,
    "gemma2_9b_RerankV3": 4.290781617640637,
    "gemma2_9b_DenseV5-5": 4.28702294885794,
    "gemma2_9b_SparseV5-5": 4.309624902286753,
    "gemma2_9b_HybridV5-5": 4.2877283868790625,
    "gemma2_9b_RerankV5-5": 4.286685518209104,
    "gemma2_9b_DenseV5-10": 4.304375157754327,
    "gemma2_9b_SparseV5-10": 4.305380511427295,
    "gemma2_9b_HybridV5-10": 4.3077992916297845,
    "gemma2_9b_RerankV5-10": 4.287541158649088,
    "gemma2_9b_open_book": 4.293011135569339
  },
  "component_abilities": {
    "llms": {
      "llama3-8b": 2.0771675052424308,
      "mistral-8b": 2.060070856772978,
      "gemma2_9b": 1.9009409963952177
    },
    "retrievers": {
      "SparseV3": 2.393060377103222,
      "HybridV5-10": 2.406858295234567,
      "DenseV5-5": 2.3860819524627224,
      "HybridV5-5": 2.386787390483845,
      "DenseV3": 2.3924105091937746,
      "SparseV5-5": 2.408683905891536,
      "DenseV5-10": 2.403434161359109,
      "DenseV4": 2.3921930972246614,
      "open_book": 2.3920701391741206,
      "SparseV5-10": 2.4044395150320774,
      "RerankV5-10": 2.3866001622538695,
      "HybridV3": 2.393551312057161,
      "RerankV5-5": 2.385744521813887,
      "RerankV3": 2.3898406212454195
    }
  }
}