{
  "overall_stats": {
    "avg_difficulty": 0.3269116876769535,
    "avg_discrimination": 0.9747222446281038,
    "avg_guessing": 0.34930448304083705,
    "avg_feasibility": 0.7833503536669028,
    "total_questions": 359
  },
  "hop_analysis": {
    "1": {
      "avg_difficulty": 0.3369237879824294,
      "avg_discrimination": 0.9750940685932661,
      "avg_guessing": 0.28833093866931164,
      "avg_feasibility": 0.7280444119658751,
      "num_questions": 150
    },
    "2": {
      "avg_difficulty": 0.4179139345446134,
      "avg_discrimination": 0.9831475940718952,
      "avg_guessing": 0.2315571462742786,
      "avg_feasibility": 0.6742804723436456,
      "num_questions": 46
    },
    "3": {
      "avg_difficulty": 0.30750481837915505,
      "avg_discrimination": 0.9727095865051697,
      "avg_guessing": 0.3052843876659421,
      "avg_feasibility": 0.7574407522154102,
      "num_questions": 60
    },
    "4": {
      "avg_difficulty": 0.34658175980931094,
      "avg_discrimination": 0.9800260865982885,
      "avg_guessing": 0.27432969496804555,
      "avg_feasibility": 0.7312509660049362,
      "num_questions": 46
    },
    "5": {
      "avg_difficulty": 0.23167783571284356,
      "avg_discrimination": 0.964782649672994,
      "avg_guessing": 0.34930448304083705,
      "avg_feasibility": 0.7833503536669028,
      "num_questions": 57
    },
    "multihop": {
      "avg_difficulty": 0.3197259697543632,
      "avg_discrimination": 0.9744553853229632,
      "avg_guessing": 0.29424982531306776,
      "avg_feasibility": 0.7404395284974776,
      "num_questions": 209
    }
  },
  "model_abilities": {
    "llama3-8b_DenseV3": 4.469443486889835,
    "llama3-8b_DenseV4": 4.469340130687258,
    "llama3-8b_SparseV3": 4.470220068813511,
    "llama3-8b_HybridV3": 4.4707089886091245,
    "llama3-8b_RerankV3": 4.4670937890415505,
    "llama3-8b_DenseV5-5": 4.463171078272348,
    "llama3-8b_SparseV5-5": 4.485919472155704,
    "llama3-8b_HybridV5-5": 4.463828027194324,
    "llama3-8b_RerankV5-5": 4.462814520098544,
    "llama3-8b_DenseV5-10": 4.480540172995222,
    "llama3-8b_SparseV5-10": 4.481470061537101,
    "llama3-8b_HybridV5-10": 4.484119619433625,
    "llama3-8b_RerankV5-10": 4.463764912922096,
    "llama3-8b_open_book": 4.469184448021823,
    "mistral-8b_DenseV3": 4.452387988996749,
    "mistral-8b_DenseV4": 4.452284632794172,
    "mistral-8b_SparseV3": 4.453164570920425,
    "mistral-8b_HybridV3": 4.4536534907160386,
    "mistral-8b_RerankV3": 4.450038291148465,
    "mistral-8b_DenseV5-5": 4.446115580379262,
    "mistral-8b_SparseV5-5": 4.468863974262618,
    "mistral-8b_HybridV5-5": 4.446772529301238,
    "mistral-8b_RerankV5-5": 4.445759022205458,
    "mistral-8b_DenseV5-10": 4.463484675102136,
    "mistral-8b_SparseV5-10": 4.464414563644015,
    "mistral-8b_HybridV5-10": 4.467064121540539,
    "mistral-8b_RerankV5-10": 4.4467094150290105,
    "mistral-8b_open_book": 4.452128950128737,
    "gemma2_9b": 1.90077436239425,
    "gemma2_9b_DenseV3": 4.2931201086912925,
    "gemma2_9b_DenseV4": 4.293016752488715,
    "gemma2_9b_SparseV3": 4.293896690614966,
    "gemma2_9b_HybridV3": 4.294385610410581,
    "gemma2_9b_RerankV3": 4.290770410843007,
    "gemma2_9b_DenseV5-5": 4.286847700073803,
    "gemma2_9b_SparseV5-5": 4.30959609395716,
    "gemma2_9b_HybridV5-5": 4.28750464899578,
    "gemma2_9b_RerankV5-5": 4.286491141899999,
    "gemma2_9b_DenseV5-10": 4.3042167947966785,
    "gemma2_9b_SparseV5-10": 4.305146683338556,
    "gemma2_9b_HybridV5-10": 4.307796241235081,
    "gemma2_9b_RerankV5-10": 4.287441534723553,
    "gemma2_9b_open_book": 4.292861069823279
  },
  "component_abilities": {
    "llms": {
      "mistral-8b": 2.0600422426997076,
      "llama3-8b": 2.0770977405927935,
      "gemma2_9b": 1.90077436239425
    },
    "retrievers": {
      "HybridV5-5": 2.38673028660153,
      "RerankV3": 2.389996048448757,
      "DenseV3": 2.392345746297042,
      "RerankV5-5": 2.3857167795057497,
      "DenseV5-10": 2.4034424324024286,
      "DenseV4": 2.3922423900944647,
      "DenseV5-5": 2.3860733376795538,
      "SparseV5-5": 2.4088217315629104,
      "open_book": 2.392086707429029,
      "RerankV5-10": 2.386667172329303,
      "HybridV5-10": 2.4070218788408315,
      "SparseV3": 2.393122328220717,
      "HybridV3": 2.393611248016331,
      "SparseV5-10": 2.4043723209443066
    }
  }
}