{
  "overall_stats": {
    "avg_difficulty": 0.4181776765375853,
    "avg_discrimination": 0.6303058644968179,
    "total_questions": 878
  },
  "hop_analysis": {
    "1": {
      "avg_difficulty": 0.37629999999999997,
      "avg_discrimination": 0.8075297724364942,
      "num_questions": 300
    },
    "2": {
      "avg_difficulty": 0.44017857142857136,
      "avg_discrimination": 0.5658843130960163,
      "num_questions": 336
    },
    "3": {
      "avg_difficulty": 0.4522,
      "avg_discrimination": 0.5000832539799765,
      "num_questions": 150
    },
    "4": {
      "avg_difficulty": 0.395,
      "avg_discrimination": 0.5,
      "num_questions": 54
    },
    "5": {
      "avg_difficulty": 0.4528947368421054,
      "avg_discrimination": 0.5,
      "num_questions": 38
    }
  },
  "model_abilities": {
    "combined_llama3-8b_mistral-8b": 0.10158779538871907
  },
  "component_abilities": {
    "llms": {
      "combined_llama3-8b_mistral-8b": 0.10158779538871907
    },
    "retrievers": {}
  }
}