{
  "overall_stats": {
    "avg_difficulty": 0.4768337021516859,
    "avg_discrimination": 1.0096585152700013,
    "total_questions": 408
  },
  "hop_analysis": {
    "1": {
      "avg_difficulty": 0.4353341105870907,
      "avg_discrimination": 1.0522917409030776,
      "avg_feasibility": 0.9775363675587414,
      "num_questions": 150
    },
    "2": {
      "avg_difficulty": 0.5048811844454191,
      "avg_discrimination": 0.9729715410780012,
      "avg_feasibility": 1.0,
      "num_questions": 162
    },
    "3": {
      "avg_difficulty": 0.5096399253792505,
      "avg_discrimination": 0.9919349402612526,
      "avg_feasibility": 1.0,
      "num_questions": 57
    },
    "4": {
      "avg_difficulty": 0.4327538184209246,
      "avg_discrimination": 1.0592848713134835,
      "avg_feasibility": 1.0,
      "num_questions": 22
    },
    "5": {
      "avg_difficulty": 0.5227777798699264,
      "avg_discrimination": 0.9782920397808589,
      "avg_feasibility": 1.0,
      "num_questions": 17
    }
  },
  "model_abilities": {
    "llama3-8b_DenseV3": 0.0,
    "llama3-8b_DenseV4": 0.0,
    "llama3-8b_SparseV3": 0.0,
    "llama3-8b_HybridV3": 0.0,
    "llama3-8b_RerankV3": 0.0,
    "llama3-8b_DenseV5-5": 0.0,
    "llama3-8b_SparseV5-5": 0.0,
    "llama3-8b_HybridV5-5": 0.0,
    "llama3-8b_RerankV5-5": 0.0,
    "llama3-8b_DenseV5-10": 0.0,
    "llama3-8b_SparseV5-10": 0.0,
    "llama3-8b_HybridV5-10": 0.0,
    "llama3-8b_RerankV5-10": 0.0,
    "mistral-8b_DenseV3": 0.0,
    "mistral-8b_SparseV3": 0.0,
    "mistral-8b_HybridV3": 0.0,
    "mistral-8b_RerankV3": 0.0,
    "mistral-8b_DenseV5-5": 0.0,
    "mistral-8b_SparseV5-5": 0.0,
    "mistral-8b_HybridV5-5": 0.0,
    "mistral-8b_RerankV5-5": 0.0,
    "mistral-8b_DenseV5-10": 0.0,
    "mistral-8b_SparseV5-10": 0.0,
    "mistral-8b_HybridV5-10": 0.0,
    "mistral-8b_RerankV5-10": 0.0,
    "gemma2_9b_DenseV3": 0.0,
    "gemma2_9b_SparseV3": 0.0,
    "gemma2_9b_HybridV3": 0.0,
    "gemma2_9b_RerankV3": 0.0,
    "gemma2_9b_DenseV5-5": 0.0,
    "gemma2_9b_SparseV5-5": 0.0,
    "gemma2_9b_HybridV5-5": 0.0,
    "gemma2_9b_RerankV5-5": 0.0,
    "gemma2_9b_DenseV5-10": 0.0,
    "gemma2_9b_SparseV5-10": 0.0,
    "gemma2_9b_HybridV5-10": 0.0,
    "gemma2_9b_RerankV5-10": 0.0
  },
  "component_abilities": {
    "llms": {
      "mistral-8b": 0.0,
      "gemma2_9b": 0.0,
      "llama3-8b": 0.0
    },
    "retrievers": {
      "DenseV4": 0.0,
      "RerankV5-10": 0.0,
      "DenseV3": 0.0,
      "DenseV5-10": 0.0,
      "SparseV5-10": 0.0,
      "SparseV3": 0.0,
      "HybridV5-5": 0.0,
      "RerankV3": 0.0,
      "SparseV5-5": 0.0,
      "RerankV5-5": 0.0,
      "HybridV5-10": 0.0,
      "HybridV3": 0.0,
      "DenseV5-5": 0.0
    }
  }
}