{
  "overall_stats": {
    "avg_difficulty": 0.2588673806950305,
    "avg_discrimination": 0.9718979139046405,
    "avg_guessing": 0.3023988461276912,
    "avg_feasibility": 0.740688798607223,
    "total_questions": 408
  },
  "hop_analysis": {
    "1": {
      "avg_difficulty": 0.22796883643047128,
      "avg_discrimination": 0.9684281557208332,
      "avg_guessing": 0.33026593965801926,
      "avg_feasibility": 0.7851484480902883,
      "num_questions": 150
    },
    "2": {
      "avg_difficulty": 0.28179895928459103,
      "avg_discrimination": 0.9746235871782918,
      "avg_guessing": 0.3015356892470547,
      "avg_feasibility": 0.7482359040067059,
      "num_questions": 162
    },
    "3": {
      "avg_difficulty": 0.29187779109850553,
      "avg_discrimination": 0.9756163076842569,
      "avg_guessing": 0.29688622352684957,
      "avg_feasibility": 0.7443894581032656,
      "num_questions": 57
    },
    "4": {
      "avg_difficulty": 0.19036498242808095,
      "avg_discrimination": 0.9628082713706092,
      "avg_guessing": 0.3576755321722818,
      "avg_feasibility": 0.7857907504726769,
      "num_questions": 22
    },
    "5": {
      "avg_difficulty": 0.2909453381685547,
      "avg_discrimination": 0.9758348755252415,
      "avg_guessing": 0.3023988461276912,
      "avg_feasibility": 0.740688798607223,
      "num_questions": 17
    },
    "multihop": {
      "avg_difficulty": 0.2768316506162859,
      "avg_discrimination": 0.9739152151742961,
      "avg_guessing": 0.305352474771373,
      "avg_feasibility": 0.7500911691771092,
      "num_questions": 258
    }
  },
  "model_abilities": {
    "llama3-8b_DenseV3": 4.299838300555832,
    "llama3-8b_DenseV4": 4.326746215259977,
    "llama3-8b_SparseV3": 4.285900927461243,
    "llama3-8b_HybridV3": 4.297009495557382,
    "llama3-8b_RerankV3": 4.283359490607245,
    "llama3-8b_DenseV5-5": 4.306744738670647,
    "llama3-8b_SparseV5-5": 4.294685982350653,
    "llama3-8b_HybridV5-5": 4.31276444645505,
    "llama3-8b_RerankV5-5": 4.304281665806028,
    "llama3-8b_DenseV5-10": 4.317375685060521,
    "llama3-8b_SparseV5-10": 4.29975998237321,
    "llama3-8b_HybridV5-10": 4.3172179247168625,
    "llama3-8b_RerankV5-10": 4.319638500948406,
    "mistral-8b_DenseV3": 4.350289543713419,
    "mistral-8b_SparseV3": 4.336352170618829,
    "mistral-8b_HybridV3": 4.347460738714968,
    "mistral-8b_RerankV3": 4.333810733764832,
    "mistral-8b_DenseV5-5": 4.357195981828234,
    "mistral-8b_SparseV5-5": 4.345137225508239,
    "mistral-8b_HybridV5-5": 4.363215689612637,
    "mistral-8b_RerankV5-5": 4.354732908963614,
    "mistral-8b_DenseV5-10": 4.367826928218108,
    "mistral-8b_SparseV5-10": 4.350211225530797,
    "mistral-8b_HybridV5-10": 4.367669167874449,
    "mistral-8b_RerankV5-10": 4.370089744105993,
    "gemma2_9b_DenseV3": 4.629935851000866,
    "gemma2_9b_SparseV3": 4.6159984779062775,
    "gemma2_9b_HybridV3": 4.627107046002417,
    "gemma2_9b_RerankV3": 4.61345704105228,
    "gemma2_9b_DenseV5-5": 4.636842289115682,
    "gemma2_9b_SparseV5-5": 4.6247835327956865,
    "gemma2_9b_HybridV5-5": 4.642861996900084,
    "gemma2_9b_RerankV5-5": 4.634379216251062,
    "gemma2_9b_DenseV5-10": 4.647473235505556,
    "gemma2_9b_SparseV5-10": 4.629857532818244,
    "gemma2_9b_HybridV5-10": 4.647315475161896,
    "gemma2_9b_RerankV5-10": 4.64973605139344
  },
  "component_abilities": {
    "llms": {
      "mistral-8b": 2.0440520682432766,
      "llama3-8b": 1.99360082508569,
      "gemma2_9b": 2.323698375530724
    },
    "retrievers": {
      "DenseV5-10": 2.3237748599748316,
      "HybridV5-10": 2.3236170996311722,
      "SparseV5-10": 2.3061591572875204,
      "DenseV3": 2.3062374754701422,
      "SparseV3": 2.292300102375553,
      "RerankV5-10": 2.326037675862716,
      "SparseV5-5": 2.3010851572649624,
      "RerankV3": 2.2897586655215556,
      "RerankV5-5": 2.310680840720338,
      "HybridV3": 2.303408670471692,
      "DenseV4": 2.3331453901742867,
      "HybridV5-5": 2.31916362136936,
      "DenseV5-5": 2.3131439135849576
    }
  }
}