{
  "overall_stats": {
    "avg_difficulty": 0.5301160960599853,
    "avg_discrimination": 0.7796676396422921,
    "total_questions": 439
  },
  "hop_analysis": {
    "0": {
      "avg_difficulty": NaN,
      "avg_discrimination": NaN,
      "num_questions": 0
    },
    "1": {
      "avg_difficulty": 0.4300064411355569,
      "avg_discrimination": 1.2736685389159583,
      "num_questions": 150
    },
    "2": {
      "avg_difficulty": 0.552142857142857,
      "avg_discrimination": 0.5400226962236457,
      "num_questions": 168
    },
    "3": {
      "avg_difficulty": 0.6304,
      "avg_discrimination": 0.5,
      "num_questions": 75
    },
    "4": {
      "avg_difficulty": 0.5599999999999999,
      "avg_discrimination": 0.5,
      "num_questions": 27
    },
    "5": {
      "avg_difficulty": 0.6873684210526315,
      "avg_discrimination": 0.5,
      "num_questions": 19
    }
  },
  "model_abilities": {
    "llama3-8b": 0.37124199974078503,
    "mistral-8b": 0.5291219651054693,
    "mistral-8b_open_book": 0.9954210440193063
  },
  "component_abilities": {
    "llms": {
      "llama3-8b": 0.37124199974078503,
      "mistral-8b": 0.5291219651054693
    },
    "retrievers": {
      "open_book": 0.4662990789138371
    }
  }
}