{
  "overall_stats": {
    "avg_difficulty": 0.2588677203772965,
    "avg_discrimination": 0.9718978012175069,
    "avg_guessing": 0.30239885216888707,
    "avg_feasibility": 0.7406888314098339,
    "total_questions": 408
  },
  "hop_analysis": {
    "1": {
      "avg_difficulty": 0.22796913334106245,
      "avg_discrimination": 0.9684280044390008,
      "avg_guessing": 0.3302659823893726,
      "avg_feasibility": 0.785148401544666,
      "num_questions": 150
    },
    "2": {
      "avg_difficulty": 0.28179931948312203,
      "avg_discrimination": 0.9746234746717627,
      "avg_guessing": 0.3015357468930226,
      "avg_feasibility": 0.7482358729529311,
      "num_questions": 162
    },
    "3": {
      "avg_difficulty": 0.2918781794547044,
      "avg_discrimination": 0.9756162830402699,
      "avg_guessing": 0.29688622135634485,
      "avg_feasibility": 0.7443894071421999,
      "num_questions": 57
    },
    "4": {
      "avg_difficulty": 0.190365274791116,
      "avg_discrimination": 0.9628081460665715,
      "avg_guessing": 0.3576755376182567,
      "avg_feasibility": 0.7857906986058371,
      "num_questions": 22
    },
    "5": {
      "avg_difficulty": 0.29094575777583254,
      "avg_discrimination": 0.9758348227827748,
      "avg_guessing": 0.30239885216888707,
      "avg_feasibility": 0.7406888314098339,
      "num_questions": 17
    },
    "multihop": {
      "avg_difficulty": 0.27683201516580475,
      "avg_discrimination": 0.9739151249259407,
      "avg_guessing": 0.3053525113505971,
      "avg_feasibility": 0.7500911361580459,
      "num_questions": 258
    }
  },
  "model_abilities": {
    "llama3-8b_DenseV3": 4.299851446098766,
    "llama3-8b_DenseV4": 4.326767712003141,
    "llama3-8b_SparseV3": 4.285920361662024,
    "llama3-8b_HybridV3": 4.297011425510993,
    "llama3-8b_RerankV3": 4.28336097542112,
    "llama3-8b_DenseV5-5": 4.306755103555618,
    "llama3-8b_SparseV5-5": 4.294699041006737,
    "llama3-8b_HybridV5-5": 4.312782953110862,
    "llama3-8b_RerankV5-5": 4.304298411250265,
    "llama3-8b_DenseV5-10": 4.317397514041386,
    "llama3-8b_SparseV5-10": 4.299773752617833,
    "llama3-8b_HybridV5-10": 4.317236801102153,
    "llama3-8b_RerankV5-10": 4.319650505175457,
    "mistral-8b_DenseV3": 4.350307929194557,
    "mistral-8b_SparseV3": 4.3363768447578135,
    "mistral-8b_HybridV3": 4.347467908606784,
    "mistral-8b_RerankV3": 4.3338174585169105,
    "mistral-8b_DenseV5-5": 4.357211586651408,
    "mistral-8b_SparseV5-5": 4.345155524102527,
    "mistral-8b_HybridV5-5": 4.363239436206651,
    "mistral-8b_RerankV5-5": 4.354754894346055,
    "mistral-8b_DenseV5-10": 4.367853997137177,
    "mistral-8b_SparseV5-10": 4.3502302357136235,
    "mistral-8b_HybridV5-10": 4.367693284197943,
    "mistral-8b_RerankV5-10": 4.370106988271248,
    "gemma2_9b_DenseV3": 4.629933364638177,
    "gemma2_9b_SparseV3": 4.616002280201434,
    "gemma2_9b_HybridV3": 4.6270933440504045,
    "gemma2_9b_RerankV3": 4.613442893960531,
    "gemma2_9b_DenseV5-5": 4.63683702209503,
    "gemma2_9b_SparseV5-5": 4.624780959546149,
    "gemma2_9b_HybridV5-5": 4.642864871650273,
    "gemma2_9b_RerankV5-5": 4.634380329789676,
    "gemma2_9b_DenseV5-10": 4.647479432580797,
    "gemma2_9b_SparseV5-10": 4.6298556711572445,
    "gemma2_9b_HybridV5-10": 4.6473187196415635,
    "gemma2_9b_RerankV5-10": 4.649732423714868
  },
  "component_abilities": {
    "llms": {
      "mistral-8b": 2.044066533859771,
      "llama3-8b": 1.993610050763981,
      "gemma2_9b": 2.323691969303392
    },
    "retrievers": {
      "HybridV5-5": 2.319172902346881,
      "RerankV3": 2.2897509246571395,
      "DenseV3": 2.3062413953347853,
      "RerankV5-5": 2.310688360486284,
      "DenseV5-10": 2.323787463277405,
      "DenseV4": 2.3331576612391602,
      "DenseV5-5": 2.3131450527916373,
      "SparseV5-5": 2.3010889902427563,
      "RerankV5-10": 2.3260404544114763,
      "HybridV5-10": 2.3236267503381716,
      "SparseV3": 2.2923103108980425,
      "HybridV3": 2.3034013747470126,
      "SparseV5-10": 2.3061637018538526
    }
  }
}