{
  "exam_id": "SecFilings:20241108",
  "total_questions": 1096,
  "processed_questions": 1096,
  "processing_success_rate": 100.0,
  "answer_distribution": {
    "C": 496,
    "B": 329,
    "D": 176,
    "A": 95
  },
  "best_fixed_answer_baseline": 45.25547445255474,
  "longest_answer_baseline": 52.0985401459854,
  "question_types": {
    "Which": 79.92700729927007,
    "What": 20.164233576642335,
    "How": 3.102189781021898,
    "When": 0.7299270072992701,
    "Why": 0.8211678832116789,
    "Where": 0.8211678832116789,
    "Other": 0.0
  },
  "avg_question_length": {
    "mean": 268.985401459854,
    "std": 44.3937648350046
  },
  "avg_answer_length": {
    "mean": 97.9530109489051,
    "std": 27.804948311509584
  },
  "avg_documentation_length": {
    "mean": 9133.09397810219,
    "std": 4584.086633559442
  }
}