{
  "overall_stats": {
    "avg_difficulty": 0.25727220091399855,
    "avg_discrimination": 0.9706049933746578,
    "avg_guessing": 0.23843313798837773,
    "avg_feasibility": 0.6913351977894802,
    "total_questions": 388
  },
  "hop_analysis": {
    "1": {
      "avg_difficulty": 0.24347323192431852,
      "avg_discrimination": 0.9746706562150653,
      "avg_guessing": 0.27438173024588847,
      "avg_feasibility": 0.7160575516791261,
      "num_questions": 150
    },
    "2": {
      "avg_difficulty": 0.2107494887989896,
      "avg_discrimination": 0.9657216912840227,
      "avg_guessing": 0.27886214896099965,
      "avg_feasibility": 0.7221791631435754,
      "num_questions": 81
    },
    "3": {
      "avg_difficulty": 0.2923179810485108,
      "avg_discrimination": 0.9731603589891084,
      "avg_guessing": 0.24311993942725504,
      "avg_feasibility": 0.6965867572812687,
      "num_questions": 53
    },
    "4": {
      "avg_difficulty": 0.28985735712492644,
      "avg_discrimination": 0.9650380546247598,
      "avg_guessing": 0.23934987069144648,
      "avg_feasibility": 0.6812362776981368,
      "num_questions": 44
    },
    "5": {
      "avg_difficulty": 0.29972239773662757,
      "avg_discrimination": 0.9688584762198241,
      "avg_guessing": 0.23843313798837773,
      "avg_feasibility": 0.6913351977894802,
      "num_questions": 60
    },
    "multihop": {
      "avg_difficulty": 0.2659690301091749,
      "avg_discrimination": 0.9680426008281827,
      "avg_guessing": 0.25340577077820087,
      "avg_feasibility": 0.7011349514143852,
      "num_questions": 238
    }
  },
  "model_abilities": {
    "llama3-8b_DenseV3": 2.3126565406648094,
    "llama3-8b_DenseV4": 2.434271729509276,
    "llama3-8b_SparseV3": 2.260632261218269,
    "llama3-8b_HybridV3": 2.3156144407728227,
    "llama3-8b_RerankV3": 2.3306082966901753,
    "llama3-8b_DenseV5-5": 2.2809132881161664,
    "llama3-8b_SparseV5-5": 2.201962199735144,
    "llama3-8b_HybridV5-5": 2.2525361349087882,
    "llama3-8b_RerankV5-5": 2.2906547854239285,
    "llama3-8b_DenseV5-10": 2.28875285472739,
    "llama3-8b_SparseV5-10": 2.2508826837527707,
    "llama3-8b_HybridV5-10": 2.3007675878249865,
    "llama3-8b_RerankV5-10": 2.3239646823541387,
    "llama3-8b_open_book": 2.3165605699079137,
    "mistral-8b_DenseV3": 2.4174615624301548,
    "mistral-8b_SparseV3": 2.3654372829836143,
    "mistral-8b_HybridV3": 2.4204194625381676,
    "mistral-8b_RerankV3": 2.4354133184555202,
    "mistral-8b_DenseV5-5": 2.3857183098815113,
    "mistral-8b_SparseV5-5": 2.306767221500489,
    "mistral-8b_HybridV5-5": 2.357341156674133,
    "mistral-8b_RerankV5-5": 2.395459807189274,
    "mistral-8b_DenseV5-10": 2.393557876492735,
    "mistral-8b_SparseV5-10": 2.3556877055181156,
    "mistral-8b_HybridV5-10": 2.4055726095903314,
    "mistral-8b_RerankV5-10": 2.4287697041194836,
    "mistral-8b_open_book": 2.4213655916732586,
    "gemma2_9b": 0.630814109722487,
    "gemma2_9b_DenseV3": 2.215487128714379,
    "gemma2_9b_SparseV3": 2.1634628492678383,
    "gemma2_9b_HybridV3": 2.218445028822392,
    "gemma2_9b_RerankV3": 2.2334388847397446,
    "gemma2_9b_DenseV5-5": 2.1837438761657357,
    "gemma2_9b_SparseV5-5": 2.1047927877847132,
    "gemma2_9b_HybridV5-5": 2.1553667229583575,
    "gemma2_9b_RerankV5-5": 2.1934853734734983,
    "gemma2_9b_DenseV5-10": 2.1915834427769596,
    "gemma2_9b_SparseV5-10": 2.15371327180234,
    "gemma2_9b_HybridV5-10": 2.2035981758745558,
    "gemma2_9b_RerankV5-10": 2.226795270403708,
    "gemma2_9b_open_book": 2.219391157957483
  },
  "component_abilities": {
    "llms": {
      "mistral-8b": 0.8327885434382627,
      "llama3-8b": 0.7279835216729176,
      "gemma2_9b": 0.630814109722487
    },
    "retrievers": {
      "DenseV5-10": 1.5607693330544725,
      "HybridV5-10": 1.572784066152069,
      "SparseV5-10": 1.5228991620798529,
      "DenseV3": 1.584673018991892,
      "SparseV3": 1.5326487395453514,
      "RerankV5-10": 1.5959811606812209,
      "open_book": 1.5885770482349961,
      "SparseV5-5": 1.4739786780622262,
      "RerankV3": 1.6026247750172575,
      "RerankV5-5": 1.5626712637510112,
      "HybridV3": 1.587630919099905,
      "DenseV4": 1.7062882078363582,
      "HybridV5-5": 1.5245526132358707,
      "DenseV5-5": 1.5529297664432486
    }
  }
}