{
  "overall_stats": {
    "avg_difficulty": 0.25727061015533154,
    "avg_discrimination": 0.9706043775732239,
    "avg_guessing": 0.23843225971521836,
    "avg_feasibility": 0.6913362997488638,
    "total_questions": 388
  },
  "hop_analysis": {
    "1": {
      "avg_difficulty": 0.24347212157472636,
      "avg_discrimination": 0.9746691386356209,
      "avg_guessing": 0.27438029624296867,
      "avg_feasibility": 0.716058286520518,
      "num_questions": 150
    },
    "2": {
      "avg_difficulty": 0.21074796960493744,
      "avg_discrimination": 0.9657212613286923,
      "avg_guessing": 0.2788616716661109,
      "avg_feasibility": 0.722180982444344,
      "num_questions": 81
    },
    "3": {
      "avg_difficulty": 0.29231590291392234,
      "avg_discrimination": 0.9731593935934044,
      "avg_guessing": 0.24311858778017303,
      "avg_feasibility": 0.6965877247616398,
      "num_questions": 53
    },
    "4": {
      "avg_difficulty": 0.28985502105954447,
      "avg_discrimination": 0.9650390829450445,
      "avg_guessing": 0.23934917480657394,
      "avg_feasibility": 0.6812370620619572,
      "num_questions": 44
    },
    "5": {
      "avg_difficulty": 0.2997204864166987,
      "avg_discrimination": 0.9688589670901865,
      "avg_guessing": 0.23843225971521836,
      "avg_feasibility": 0.6913362997488638,
      "num_questions": 60
    },
    "multihop": {
      "avg_difficulty": 0.26596713657167925,
      "avg_discrimination": 0.968042553374234,
      "avg_guessing": 0.25340495727607776,
      "avg_feasibility": 0.7011362088488097,
      "num_questions": 238
    }
  },
  "model_abilities": {
    "llama3-8b_DenseV3": 2.312746863796502,
    "llama3-8b_DenseV4": 2.434353911824379,
    "llama3-8b_SparseV3": 2.2607252187846414,
    "llama3-8b_HybridV3": 2.315703443671352,
    "llama3-8b_RerankV3": 2.330691539690502,
    "llama3-8b_DenseV5-5": 2.2810010229525037,
    "llama3-8b_SparseV5-5": 2.2020592929866254,
    "llama3-8b_HybridV5-5": 2.2526259967959863,
    "llama3-8b_RerankV5-5": 2.2907456096319843,
    "llama3-8b_DenseV5-10": 2.288839289722788,
    "llama3-8b_SparseV5-10": 2.2509742031024524,
    "llama3-8b_HybridV5-10": 2.3008535299836095,
    "llama3-8b_RerankV5-10": 2.3240631737147086,
    "llama3-8b_open_book": 2.316644800012526,
    "mistral-8b_DenseV3": 2.4175364123160152,
    "mistral-8b_SparseV3": 2.3655147673041546,
    "mistral-8b_HybridV3": 2.4204929921908653,
    "mistral-8b_RerankV3": 2.435481088210015,
    "mistral-8b_DenseV5-5": 2.385790571472017,
    "mistral-8b_SparseV5-5": 2.3068488415061386,
    "mistral-8b_HybridV5-5": 2.3574155453154995,
    "mistral-8b_RerankV5-5": 2.3955351581514974,
    "mistral-8b_DenseV5-10": 2.393628838242301,
    "mistral-8b_SparseV5-10": 2.3557637516219656,
    "mistral-8b_HybridV5-10": 2.4056430785031226,
    "mistral-8b_RerankV5-10": 2.4288527222342218,
    "mistral-8b_open_book": 2.4214343485320393,
    "gemma2_9b": 0.6309065287530073,
    "gemma2_9b_DenseV3": 2.2155901381472773,
    "gemma2_9b_SparseV3": 2.1635684931354167,
    "gemma2_9b_HybridV3": 2.218546718022128,
    "gemma2_9b_RerankV3": 2.2335348140412776,
    "gemma2_9b_DenseV5-5": 2.1838442973032794,
    "gemma2_9b_SparseV5-5": 2.104902567337401,
    "gemma2_9b_HybridV5-5": 2.155469271146762,
    "gemma2_9b_RerankV5-5": 2.19358888398276,
    "gemma2_9b_DenseV5-10": 2.191682564073563,
    "gemma2_9b_SparseV5-10": 2.153817477453228,
    "gemma2_9b_HybridV5-10": 2.2036968043343848,
    "gemma2_9b_RerankV5-10": 2.226906448065484,
    "gemma2_9b_open_book": 2.2194880743633014
  },
  "component_abilities": {
    "llms": {
      "mistral-8b": 0.832852802921745,
      "llama3-8b": 0.7280632544022317,
      "gemma2_9b": 0.6309065287530073
    },
    "retrievers": {
      "HybridV5-5": 1.5245627423937544,
      "RerankV3": 1.60262828528827,
      "DenseV3": 1.5846836093942702,
      "RerankV5-5": 1.5626823552297524,
      "DenseV5-10": 1.560776035320556,
      "DenseV4": 1.706290657422147,
      "DenseV5-5": 1.5529377685502719,
      "SparseV5-5": 1.4739960385843935,
      "open_book": 1.5885815456102943,
      "RerankV5-10": 1.5959999193124768,
      "HybridV5-10": 1.5727902755813776,
      "SparseV3": 1.5326619643824095,
      "HybridV3": 1.5876401892691203,
      "SparseV5-10": 1.5229109487002206
    }
  }
}