{
  "exam_id": "hotpotqa:",
  "total_questions": 150,
  "processed_questions": 150,
  "processing_success_rate": 100.0,
  "answer_distribution": {
    "B": 57,
    "D": 37,
    "C": 37,
    "A": 19
  },
  "best_fixed_answer_baseline": 38.0,
  "longest_answer_baseline": 48.666666666666664,
  "question_types": {
    "Which": 84.0,
    "What": 20.0,
    "How": 5.333333333333333,
    "When": 0.0,
    "Why": 1.3333333333333333,
    "Where": 0.0,
    "Other": 0.6666666666666666
  },
  "avg_question_length": {
    "mean": 129.86666666666667,
    "std": 80.74624174260717
  },
  "avg_answer_length": {
    "mean": 145.64833333333334,
    "std": 75.3754165088916
  },
  "avg_documentation_length": {
    "mean": 2079.8133333333335,
    "std": 246.86650607610224
  }
}